button_id,redirect
1,30
2,229
3,347
4,4
5,138
6,218
7,134
8,343
8,342
9,232
10,76
11,94
12,253
13,311
14,82
15,140
16,140
17,65
18,88
19,99
20,113
21,139
22,115
23,87
24,124
25,49
26,339
27,80
28,34
29,340
30,332
31,302
32,167
33,90
34,205
35,163
35,289
36,121
37,121
38,64
39,42
40,346
41,292
42,344
43,118
44,12
45,32
46,118
47,197
48,120
49,18
50,216
51,255
52,254
52,284
53,315
54,54
55,50
56,62
57,63
58,23
59,215
60,193
61,339
62,98
63,61
64,67
65,304
66,337
67,164
68,215
69,45
70,307
71,139
72,16
73,71
74,206
75,11
76,255
77,283
78,160
79,80
80,91
81,67
82,14
83,99
84,130
85,114
86,345
87,48
88,181
89,97
90,146
91,307
92,307
93,307
94,70
95,278
96,161
97,348
98,313
99,320
100,70
101,310
102,237
103,78
104,128
105,51
106,330
107,149
108,59
109,159
110,21
111,168
112,51
113,148
114,170
115,166
115,9
116,31
117,137
118,25
119,306
120,249
121,131
122,1
123,175
124,348
125,200
126,53
127,103
128,221
129,158
130,65
131,7
132,255
133,105
134,47
135,123
136,66
137,193
138,174
139,186
140,129
141,181
142,106
143,189
144,58
145,20
146,109
147,221
148,15
149,314
150,155
151,181
152,94
153,65
154,145
155,111
156,110
157,110
158,125
159,207
160,108
161,305
162,199
163,137
164,25
165,96
166,185
167,142
168,36
169,120
170,248
171,165
172,57
173,276
174,39
175,37
176,18
177,333
178,191
179,17
180,304
181,337
182,107
183,206
184,55
185,136
186,252
187,301
188,336
189,271
190,180
191,256
192,192
193,257
193,40
194,190
195,343
195,342
196,169
197,38
198,230
199,13
200,43
201,63
202,167
203,90
204,4
205,83
206,170
207,179
208,260
209,177
210,171
211,136
212,126
213,282
214,60
215,108
216,193
217,174
218,186
219,129
220,41
221,319
222,143
223,80
224,119
225,270
226,112
227,28
228,176
229,190
230,113
231,330
232,149
233,59
234,159
235,21
236,275
237,69
238,299
239,80
240,72
241,328
242,5
242,342
243,329
244,325
245,308
246,133
246,343
247,92
248,53
249,323
250,38
251,214
252,213
253,88
254,144
255,101
256,20
257,29
258,190
259,171
260,205
261,156
262,339
263,46
264,204
265,122
266,194
267,112
268,5
268,342
269,328
270,12
271,33
272,104
273,267
274,150
275,94
276,65
277,182
278,194
279,98
280,225
281,175
282,86
283,334
284,88
285,153
286,242
287,28
288,196
289,117
290,327
291,53
292,85
293,226
294,210
295,208
296,264
297,333
298,198
299,3
300,107
301,224
302,266
303,261
304,348
305,202
306,297
307,241
308,281
309,240
310,296
311,188
312,26
313,178
314,128
315,22
316,300
317,28
318,266
319,240
320,235
321,234
322,299
323,228
324,235
325,96
326,219
327,96
328,223
329,294
330,202
331,296
332,253
333,341
334,297
335,222
336,35
337,197
338,88
339,82
340,81
341,348
342,220
343,241
344,222
345,220
346,79
347,241
348,24
349,318
350,220
351,212
352,234
353,211
354,238
355,8
356,348
357,259
358,295
359,127
360,6
361,258
362,262
363,296
364,165
365,131
366,316
367,239
368,74
369,246
370,269
371,227
372,163
372,289
373,231
374,10
375,225
376,84
376,27
377,250
378,244
379,312
380,287
381,141
382,187
383,190
384,277
385,250
386,172
387,195
388,294
389,203
390,135
391,263
392,73
393,119
394,157
395,253
396,293
397,341
398,75
399,265
400,280
401,285
402,239
403,251
404,348
405,70
406,95
407,290
408,147
409,326
410,100
411,173
412,300
413,211
414,209
415,233
416,274
417,243
418,184
418,286
419,100
420,173
421,44
422,260
423,133
423,343
424,132
425,154
426,350
427,229
428,295
429,269
430,226
431,264
432,244
433,293
434,247
435,226
436,212
437,227
438,211
439,229
440,350
441,217
442,281
443,336
444,271
445,331
446,335
447,93
448,335
449,3
450,198
451,2
452,309
453,324
454,338
455,79
456,23
457,260
458,245
459,113
460,116
461,78
462,77
463,157
464,268
465,152
466,183
467,41
468,316
469,279
470,326
471,188
472,68
473,52
474,151
475,317
476,308
477,322
478,321
479,11
480,56
481,328
482,80
483,303
484,331
485,19
486,273
487,285
488,280
489,272
490,102
491,271
492,93
493,193
494,174
495,186
496,129
497,260
498,269
499,44
500,311
501,89
502,339
503,89
504,298
505,239
506,251
507,102
508,201
509,291
